{"cameraMode":{"drawMode":0,"name":"Shaded","section":"Shading Mode"},"sceneLighting":false,"audioPlay":false,"sceneViewState":{"m_AlwaysRefresh":false,"showFog":true,"showSkybox":false,"showFlares":true,"showImageEffects":true,"showParticleSystems":true,"showVisualEffectGraphs":true,"m_FxEnabled":true},"in2DMode":false,"pivot":{"x":1.199436068534851,"y":1.1281509399414063,"z":-0.04299449920654297},"rotation":{"x":-0.028240859508514406,"y":0.9657261371612549,"z":-0.22898514568805695,"w":-0.11909312009811402},"size":4.316404342651367,"orthographic":false}