{"cameraMode":{"drawMode":0,"name":"Shaded","section":"Shading Mode"},"sceneLighting":true,"audioPlay":false,"sceneViewState":{"m_AlwaysRefresh":false,"showFog":true,"showSkybox":true,"showFlares":true,"showImageEffects":true,"showParticleSystems":true,"showVisualEffectGraphs":true,"m_FxEnabled":true},"in2DMode":false,"pivot":{"x":-31.527751922607423,"y":-2.533426284790039,"z":9.892473220825196},"rotation":{"x":0.15988904237747193,"y":-0.8156450390815735,"z":0.26739227771759035,"w":0.48756977915763857},"size":11.838944435119629,"orthographic":false}